text,label,pre-labeled?
"When league was at the heights of its popularity, they had the chance to go hard on toxicity and griefing. They missed that chance and that has set a precedent with the people who remained that crappy behavior is A-OK in league and continues to push away potential new players. Its a real shame since other competitive games seem to have learned from league's mistake and trying to avoid falling into the same trap.",analysis,no
"The game seems to be kind of ""balanced"" right now and the lore seems to be in a very good spot too, however, the MMR is what is bringing this game down, surprisingly, the idea of pushing low elo players into higher elos just to reduce Q times is what is causing more toxicity. You should not be playing a chat-off, 9v1 game, what is the point ? If this is how they want to continue with this charade, why not then give LP based on your own performance?",analysis,no
"I’ve always been of the opinion that lol isn’t a bad game, it’s pretty average in terms of quality and update support, maybe a little above average. The reason lol feels like the worst game ever made is the people who play it, or a large chunk of them. I’ve rarely had a bad experience in lol due to something gameplay or game related, but it’s more surprising when I have a game without absolute pieces of shit in the lobby than with.",hot_take,no
"I stopped playing solely because the player base. It’s one thing to lose or to do poorly, but I can only stomach so many matches where my own team decides I have to lose cause they just don’t like me",reaction,no
"Part of the issue within the community which I believe breeds toxicity is the fact that for over a decade now everyone larps as high elo and will reject all opinions of others on basically any topic about the game if they determine someone is lower elo than them. Seriously, add up all the accounts on this reddit that claim to be masters and I guarantee you it exceeds the actual amount of masters ranked players by 100x.",hot_take,no
"Skins are getting annoying. My old man eyes cant differentiate abilities anymore with how flashy and bright the particles are. Obviously they were always gonna go to the extreme to sell skins, but i definitely miss being excited for skins like earnest elf tristana lol",analysis,no
"I don't like infinite scaling. Its either feast or famine, will my toplane Nasus do nothing or have 1000 damage Qs, why is Senna autoing me from 800 range just because the game lasted 25 minutes.",analysis,no
"Not that controversial, but inting is the most wrong/overused term in the game, especially from high-elo players. Inting is about intent, and playing fast and loose with your deaths isn't always inting, it's just playing stupidly/badly. Soft-inting is an even worse term, because basically if you don't play something exactly the way your teammates think you should, you're soft inting. I'm not trying to excuse the players that single-handedly lose games for their team, but call it what it is - playing like shit. It sucks and ruins the experience for everyone else, but that doesn't necessarily mean it was intentional.",analysis,no
"New champs should be blocked from ranked for 2 weeks. Nobody wants the first time hwei mid sprinting their games to start the ranked season, and then those people will get mad that you ban their champ based on that reasoning and will grief your game intentionally because of it.",hot_take,no
You should not lose any LP when someone quits the game.,hot_take,no
"Hidden MMR ruins ranked. Getting smurfing under control, making more tiers for ranked and making matchmaking work so, that it attempts to match people with same rank against eachother would start to heal the toxicity and make the game legitimely competitive for players in every elo.",analysis,no
Engage tanks shouldn't be able to deal meaningful dmg past 20 minutes.,hot_take,no
"You shouldn't be able to play ranked if you don't have at least 10 Summoner Rift games played in 30 days. I'm tired of queuing up after work just to be matched against xXx_KiritoOTP69"" account level 30 with a 15 game winstreak and before said 15 wins his last match was 180 days in ARAM. Does this change anything? Most likely not but maybe that will persuade people to smurf a little less.""",analysis,no
"I don't like infinite scaling. Its either feast or famine, will my toplane Nasus do nothing or have 1000 damage Qs, why is Senna autoing me from 800 range just because the game lasted 25 minutes.",analysis,no
Reworks fucking suck and midscopes are infinitely better. Reworks especially older ones just delete a character’s identity and then add a new one with the old name. Galio aatrox taric nunu karma xin etc all dont play anywhere near the same or their main style is similar but they no longer have any of their old niche styles (rest in peace spearing a bitch or two) Im not saying any of these champions are bad or even unfun to play but they are not the same and their gameplay loop which many loved and was fun is now just dead forever. Where as midscopes like wukong jax olaf swain(sorta) rell neeko all just enhance how the they played their champ and made them lean more into their identity while keeping their main gameplay loop and are so much better.,analysis,no
"Skins are getting annoying. My old man eyes cant differentiate abilities anymore with how flashy and bright the particles are. Obviously they were always gonna go to the extreme to sell skins, but i definitely miss being excited for skins like earnest elf tristana lol",analysis,no
"it does feel like the system is doing a bad job at differentiating between smurfs, returning players and new players. It takes too many games for all the pieces to fall in place.",analysis,no
"I think it's not that good. I don't really know how biased it is when 90% of my games are like this but 1 or 2 people on most of my games apparently have very little knowledge about the game, like miss fortunes with very few last hits (she's one of the easiest ADC to farm) or full AP supports that dont know what a ward is, stuff like that so most games I can guess who's gonna win based on the first 4 minutes, which is .... well, not good. To be honest, due to this I've been playing less and less, it used to be my main game, now I forget how bad it is; play a game, remember why I don't rank anymore, and then not play for another 5/10 days. That's my experience. And no, my team is not holding my rank back, its just ... not a fun experience to have a level 4000 irelia and a level 30 first ranked lux on the same game",reaction,no
They added that climbing indicator to players because somehow ppl still dont understand how rank works yet you still have this problem with players thinking they're a full rank difference. Only sometimes is it actually because a duo of 2 different ranked players.,hot_take,no
Complete shitshow ...its normal to have 2+ people that go 0/12 etc. in like 80% of games this season. Also that new dumb system is plain reta*** by Riot.,reaction,no
"I think you are right looking at the data from tales. When comparing top percentage of player in silver in 2023 they that same top percentage is now at gold 4. I did manage to climb all the way from iron this last 9 months to gold 4 so I think not all of that was rank inflation. I think adc role also got buffed this season with the quest lump gold sum and the extra item slot. previusly adc felt super weak you had less levels then everyone on the enemy team but the enemy adc and support as you ware spliting exp with your own support. So if you lost lane you ware useless 1v1 against everyone. Also mid had dashes and burst, top have high health and cc, junglers could have a combination of both. This means that if you missed player you got killed instanly. While other roles could make a mistake and survive, there punishement was going back to base. Now with the extra item even if you team stills farm you still do damage. I also have better internet. All in all I think I play around the same skill level but got favorable meta for my role and champ with the help of rank inflation.",analysis,no
"After climbing to Gold 2 with minimal effort this season, I started getting curious myself. That is why I am reading this thread. I am also playing in EUW for the first time (vs NA) and it has been an interesting mental shift to climb so fast and relatively high in a new (arguably more challenging) server after taking a significant hiatus from ranked. With that being said, I think we need to stop caring about our ranks at all. Rank tells you nothing. Stats are all that matters in the end: check your op.gg score, check your win rate, check your performance across play sessions/games. Your rank can be a reflection of those stats, but it isn't always. In the end, the only way to climb is to increase your micro/macro performance (CS/min, ward score, Damage/min, op gg score, win %, etc). The actual climbing part is mostly irrelevant, but it is an easy visual code as to whether or not the tweaks you are making in your gameplay are working.",analysis,no
"Your mental stack overloaded at first so be sure to mute all so atleast that doesn't add up further to your mental and you can probably enjoy league at first a lot more. Also yes, playerbase is better at the game, you will feel it quick if you start playing, but its still shitty enough so that you can overcome it in few days of grinding back some muscle memory and map awareness.",hot_take,no
"I dont remember what was in 2021, most characters are viable in the jungle below diamond. (Viable not good). As you likely know, olaf is a bit in the past with pretty low mobility. That being said, hes one of my go tos atm. The game meta has changed alot. itll take some time to learn but fundamentally its the same game. I think the best response depends on where you were when you quit, gold, masta, or bronze, ect... new items, new champs, (mythic system removed) if that was a thing in 2021? find something fun and run with it. Most things are viable as long as you have a concept for it.",hot_take,no
"At this point should’ve just given him omnivamp too while we’re at it. Just faced him. Slow slow slow , I die. So I chase next time, weeeeee he goes then bam slow slow slow when I change my mind. After that bam execute. I don’t even wanna complain properly",reaction,no
Nails are pretty easy to dodge and he doesn't have much of a way out without burning his dps cd if he all ins. Seems like a snappier Ekko. Nothing really crazy overloaded about his kit.,hot_take,no
"He'll probably be balanced in higher ELO lobbies but he's probably going to be oppressive in low ELO lobbies to the point where it genuinely feels like it's impossible to stop him once he gets going provided the player knows what they're doing. Basically just katarina. But you still have to play smart around CC if you want to make the most of him. In most cases, you'll want to get in, do your full combo and get out long enough for your cooldowns to get back up *unless* the rest of the enemies are low enough to clean up. So there's plenty of brief moments where you can potentially turn the tables on him but it'll require you to position decently and keep your crowd control options up to handle him. The absolute worst thing you can do is underestimate his burstiness if he's able to get nails on you, so avoid those and then immediately look to trade if you want to put him in a bad spot.",hot_take,no
"Used to love this game back in the days - was a die hard fan for a decade if I must guess, but getting warnings based on ""automated reviews"" - thats crazy. No context no nothing, its like you get a report from someone who dislikes you and you´ve got your warning with it. Games gone.",reaction,no
"The last time someone complained about getting ""unfair"" inting warnings I'd checked the vod and immediately got greeted with them going afk for the first two minutes of the game. 99.9% someone complains about these warning it turns out they fully deserve them. I dunno what you did, but if Riot's automated review system didn't worked properly this subreddit would be flooded with complaints. These systems are far more likely to give false negative than false positive, meaning they might not always spot inters, but if they do it's near guarantee they are right.",hot_take,no
"tbh doesn't seem like you intentionally played bad, a 4/10/17, enemy supp is 2/12/19 The damage is low and kill participation compared to the team is lower than average bronze Zyra but it's understandable ofc since you just returned, doesn't seem to be that you broke any rules I assume what happened is you got caught or failed a play that lost you the 57 min game so all of them reported u? Anyways don't bother urself too much with the comments flaming you, people are just hostile here lol",reaction,no
Bro you know how many patches you've missed? A year is a long time... maybe get used to the game again before yoloing others rating away.,reaction,no
"Ranked is intended to be players playing their best champions to win. The day a champion is released should be tantamount to inting because they can't possibly know a champion that they are playing for the first time. I try and ban the new champion every game after there release but this is basically a wasted ban on my part and shouldn't even be allowed. If I do ban them and a teammate has them hovered I get penalized for being toxic and not them going 0/13 on a champ that they don't know. Make it make sense. Also riot requires an account to be a specific level before you can even play ranked, they do this to prove you know enough about the game to not sabotage your teammates in a competitive environment. Why not have this same mindset for a newly released champion If you want to play the new champion, play them in normal. Playing a champion blind isn't fair to your teammates just because you wanted to play the new shiny champion.",analysis,no
Im 99% sure the thought process of Riot is players will not put the time in in a normal queue to learn the new champion. They will just wait until they are available in ranked and first time them. Overwatch has the same thought process which is why they also dont gatekeep new champs to ranked.,analysis,no
"Please tell me where this is written. You're all just making up rules about ranked in your head and it's getting really damn annoying. Ranked is a place where you gain LP at the end of your game. If you gain the most LP by playing a single champ for 1000 games, so be it. If you do the best by counterpicking every game, that's a strat too. If you do your best by playing random meta crap, good for you. If you do best by rounding out your team comp, cool. Point being, there is no ""single best champ"" for a player. Someone who picks up on new champs extremely fast can make some quick LP, while the enemies play against their first Locke they've ever seen. The Locke player has a knowledge advantage then.",hot_take,no
"This won't happen unless Riot decides to take a stance against first timing champs in ranked. Anyone can buy any champ and play it first time in ranked currently, irregardless of release date.When it comes to new champs aswell, Ranked is the best way to get data. It's the most competitive game mode and most played, so if you delayed the ""actual"" release of the champ, you'd greatly reduce the data gathering Riot could do. And no PBE isn't used for that at all, PBE does not support enough of a population to have competitive games.",analysis,no
"it doesn't matter, it just pushes the problem back however long. people don't care about learning or practice, (see jungle timers, last hit indicator, and home guards) they will just first time them when they're available later. the only other ""solution"" is to require an amount of games in normals on a champion to play them in ranked and unless that is only limited to new champions near their release, it would be really annoying for new players or anyone on an alt account.",analysis,no
"The more ""mechanical"" skills devs remove, the more the game becomes about strategy. All this talk about indicators for jungle timers / last hit indicators making the game dumber is wrong. By that logic, a game like ""chess"" is a dumb game since you need no mechanical skill for it. While ""Call of Duty"" is the smartest game out there since all you do is last hit people. If you don't like those changes, refer to it as that you don't like it that the game is getting more ""strategic,"" not that it is getting ""dumber"".",analysis,no
the game has always been a balance between micro and macro. tuning down micro mechanics just makes strategy much easier since there’s less micro,hot_take,no
"It's a question of whether you think there's value in expressing those skills. Having knowledge of jungle camp respawns and the ability to pre-emptively map out a clear is a skill check. Whether you think it's valuable or deep is up to debate. I think the same thing is true for last hitting. It's a skill that is pretty easily trained, but it's been a core part of the ""basics"" over basically the entire life of this genre (ignore HoTS). If you think the last hit indicator is a negligible change to that skill check or just that the skill itself is not nearly as important as spacing and other trading concepts that's totally understandable. That doesn't mean it isn't contributing to some amount of skill expression in the game though.",analysis,no
"That would be true for a game aiming to he macro only - but league has macro AND micro. In a Civ game, making buttons easier to click does not change the game. In league, execute indicators are actual balance handle devs use - cho can see when his ult kills, but garen or darius do not. Its the same with last hit indicators - before, it was a skill that was practiced and its mastery was something to be proud of. Removing these small micro things DOES dumb down league. As an EXTREME example, riot could add autoaim to skillshots - removes annoying micro, good players hit skillshots anyway. Would it be smart or healthy? You tell me. I'm not saying minion changes are the same level, far from it, but it cannot be denied - last hitting is a skill, and the indicator invalidates the time community spent actively or passively training.",analysis,no
League of Legends is a game where the complexity of the game comes from many different things interacting with one another. People talk about mental stack. Its the all the different things you need to pay attention to in this game. Adding indicators to the game removes some small things of that mental stack because you have less things you need to pay attention to. Its the definition of dumbing down the game. Youre lowering the skill ceiling. So shut up.,hot_take,no
"At least some considerations, is that this disproportionately affects certain champs who have ways of augmenting autos, and who use spells for last hitting. Second point, some people like beating lane opponents by being better at micro-mechanics. Sure, “it’s only one minion and not strategic” is some people’s response. But one minion missed by someone, when you’re an otp and can last hit on a mage better than most adc’s genuinely adds up. Roughly 2 waves a minute, roughly 20 gold a wave, roughly 120 gold every three minutes in lane. You’re not wrong for not wanting the game to be refocused on different skill expressions, but others aren’t wrong for disliking a change to a game’s skill floor that’s existed for over a decade. I think what a lot of this backlash is, is there hasn’t been a single mechanic adding complexity to league in years, while they took the skill out of things that were as simple as warding. Which has in turn, disproportionately rewarded mage and ranged top laners since they’ve widened the lanes and taken away ganking paths since “getting ganked top isn’t fun”.",analysis,no
"From all season this is absolutley the most trash one. I used to play many hours a day ONLY RANKED because it was fun! now i enjoy 1 aram game a day and thats it. Rankeds is just not enjoyable. Everything is just different in a bad way. Games feel boring because one lane stomp the game every game. Also this weird ass matchmaking is 95% of the reason this game is shit now. No fun this season. Same with TFT, boring asf this set. Bring back chem baron or something creative new maybe. both tft and summoner feels fking heartless. But bring out a mythic skin every week for the bankroll. Less is more sometimes riot. Stop changing too much every fking season thank you.",reaction,no
"I was thinking the same thing. Every season people find something to bitch about, even though league players have been eating good for a long while. I've played dota2 for the past 4 years, enjoyed my fare share of wow arena and even dabble in some smite2. League players are spoiled as fuck!",hot_take,no
I like the season itself but the matchmaking this season has been utter dogshit,hot_take,no
"It's bot diff every game. It's never a close lane, your bot is either 2-15 or 15-2, no inbetween. I also love how I can absolutely stomp my opponent in a solo lane, have several kills and 100 more cs yet I'm only a level higher lol",hot_take,no
If ranked were rigged boosting wouldn't exist. If you're hardstuck you're where you belong.,hot_take,no
"Basically what happens is the more games you play the less each game will effect your MMR. But your LP will still go up or down. So at some point your LP will be higher than your MMR. So to keep matches  balanced "" you will be teamed up with lower MMR players. This is a wall every player hits. This is where you are either good enough to carry that rank consistently or your not. Turns out gold 2 is your wall.""",analysis,no
"No shit it's rigged, its up to you to overcome the artificial hurdles that riot throws at you, which is possible if you play well enough",hot_take,no
"I am really frustrated, but i will try to keep my calm in this post. A new game (i play mostly ranked) is rigged from the start, the game has already decided from the start which team should win. Has anybody else have this feeling/notion, because i strongly do at this point. i will explain why. Too start with Towers, the new tower algorithm is compleetly whack, sometimes they do not shoot people that are in range when they are the only one there. The tower compleetly ignores them for 2-3 shots and they are damaging me under the tower. Towers shoot people WAY WAY WAYYYY out of range with some of there shots, i am not saying it shot and someone teleported out of there, just one last shot too kill them while they are out of range, i see towers bullets sometimes fly almost double the distance they should, it's insane! I mostly play the same champions, and i know there timings and aim perfectly. But in some games the timings are different, just slightly off and this way miss most off my aim shots. And a lot of times when it is crucial the aim shot just fucks about several degrees of from where you told it to go. When this shit happends it starts to add up, i already know AHA the enemy needs to win, and i can try and try to circumvent this, but when the game just wants you to lose, it's done! I have seen some more wierd wierd shit happen that shouldn't be possible, and did not happen a few patches back, so i don't know what has happend but this needs to stop! I wonder what you think about this.",hot_take,no
"It's a pure engagement system https://www.youtube.com/watch?v=u_0Z2bhQyRE
yes the matchmaking is rigged towards engagement so you need to play like 200+ games in excellent conditions to get your actual rank. The game will give you an 80% chance to lose the game by default and this can be seen in continuous pair of lose and win streaks that the system will check your skill level so it can create an engagement"" climb to keep you at around 52% winrate and you can only win by 1v9. And you say this only happens at low elo but this happens even in higher tier matches master+ where you can actually see that you get 4 bad players after a taught game that you need to carry and this isn't normal and definitely not random. You don't get random exotic picks 5 times in a row because you got unlucky :D it's a system that puts the ""troll"" variable in your game to give you a lower chance to win the game.""",analysis,no
"Game is rigged. Yes, 100% verified. Reason why I uninstalled. 17 games lose streak having scores as 10-2 / 17-7 / 5-0 / 7-0 / and of course some own bad games invited by the losing streak. There is NO WAY in the world you can bad teammates per game for so long, simply impossible. LosersQ they call it and it's based in your honor and if you get reports (but any report counts as they are checked by AI). Now, I am open to discuss with anyone. Gold II.",reaction,no
"Im playing in gold-emerald mmr. Most games just feel like the better team wins, mid and def bot are determined through matchups, and the game just doesnt make sense overall, like i am the same level and same items as an enemy, and for some reason they deal triple my dmg, it doesnt make any sense. Sometimes the enemy team is trolling and my team is playing good but just becuase of champs we lose, other times every single person on our teams wins their lane, we play good at mid-late game but just because the enemy team's comp is stupid we dont easily win and some times we lose. What can i do abt this, i main jg and i try my best every game but some games just feel straight up impossible to win and are frustrating because of how shamelessly bad the enemy team is playing and they are winning>",reaction,no
"I think what you are talking about is manifest destiny. You believe you do not have any impact in your games, and you live in the reality you believe in. Jungle is the best role in low elo to have impact. If you were good you would win almost every game you played in. You don't need amazing mechanics either to win either, understanding of the game is more important. You need to start learning more about the game, from watching high elo streamers, and playing other roles to understand their matchups and what they expect of you.",hot_take,no
"a few reasons they dont do that 1.) you can't apply it evenly, you can learn a champ like malp or annie within 10 games sure but then theres champs like azir or singed that require 70+ games to see a positive winrate with them. 2.) what about people playing on alt accounts? hand level smurfs are fine by riot and if a fiora one trick is playing on there adc account but gets autofilled toplane then they should be allowed to play fiora even if they got zero mastery points on that account. 3.) league is a game that is already known to be extremely long and hard to get into ranked and people want it to be easier to get into ranked not harder. mastery requirement even set low would require another 20 hours+ added onto the ranked unlock experience. 4.) what about being autofilled? if your a adc main but get put jungle you might not have many champs that are viable there with the min games played. putting the min games needed on a champ would just cause people to play off meta picks more since they might be the only champs they have mastery on. 5.) theres a large chunk of the playerbase that only plays ranked and for example in korea its like 90% of the players only play ranked. now your asking them to play normals to get mastery on champs in which they will either quit league or just troll those games.",analysis,no
"I think it’s ridiculous a new champ can come out and 10 minutes later that same champ will be in your ranked game. Nobody knows how to play against them, or how to PLAY them. And now you can’t ban hovered champs now so you’re actually screwed. I agree a player should need x amount of games on a champ before they can run them in ranked. That’s why when the last couple new champs came out, I stopped playing ranked for a week or two. As for one tricks, I don’t think one tricks can ‘only play one’ champion. Yeah it’s in the name, but everyone has a backup or two, even if it’s not as comfy as their main. If a Yasuo one trick’s Yasuo got banned, I’m sure he’s locking in Yone, or if Katarina got banned she’s locking in Akali (that’s what I used to do as a Kat only for years).",hot_take,no
"It's a game and I don't have much time to play it, I'm first picking Zilean in ranked and going 0/20/3 and I will like it",reaction,no
"n literally every 5v5 premade I've ever played the enemy team gets insanely toxic in the chat when we haven't said a word to them. There are a lot of toxic players, but when I'm playing solo or duo I only get toxic people in the chat now and then, as opposed to the 100% ratio I've experienced in 5v5 premades. So, I can safely say that if League switched to some sort of 5 man premade only I would absolutely drop it forever.",reaction,no
"It's the main way because they tried to add 5vs5 ranked but it didn't work for various reasons. The game is designed to be played as a team, is it easier to coordinate with 5 premades ? Of course but it's still a team game even in soloq.",analysis,no
Rito refuses to only have one queue and add a party finder. They do no want to fix anything. I am so ready for another moba.,hot_take,no
"I see the game is still as toxic as ever. I played a few arams and urfs to get back in the groove, no problems there. Then decided to play a normal draft pick which went decently even though we still lost. I used to be plat, but I'm guessing I'm closer to bronze/silver now. Second game I lose my lane(top) against a diamond rated player, not even by a lot, and the enemy top laner begins taunting me. Then our jungler joins in and at that point I was just done. 2 NORMAL games and the abuse starts... I can't believe this game is still as popular as it is. The people are just the worst of the worst. The game would be so fun if people could behave. I guess I'm just too old for that nonsense now. Sorry for the negative post. Felt like letting this out. Stay chill. Uninstall.",reaction,no
I had the day off work for the first time in a couple weeks so I decided to play league with my day. I played 10 games today and of those 10 games 8/10 were trolls and int feeders. I lost over 3 weeks of ranked progress because of the 8/10 games. I have played for over 10 years but today was I am done wasting my time on it i know I will not be missing this game so I have deleted it off my computer.,reaction,no
Watching my team get tilted by their allies kinda ruins the match. It usually happens in the first 10 minutes. We've all been there. Same person flaming refuses to ff. It's just not an ideal way to spend hours of the day. Hoping it gets better down the road.,reaction,no
"Congrats on uninstalling! I had the same, I loved playing the game but the toxic people cause me so many anxiety issues that first I stopped playing summoner's rift, then eventually I stopped altogether. Feel much happier now I've let league go, hope you feel the same soon! The people who have decided to abuse you in the comments for this are, like you've already mentioned, the same toxic a holes who ruin everyone's experience. I hope you find a much more enjoyable game with a nicer community to spend your time on!",reaction,no
I finally did folks. After another game of being a jgler and getting flamed despite the fact that I am not only positive but got 4 drakes stole a baron and a soul and we still lost. I finally did and got rid of this game. It was actually affecting my mental health and having people constantly tell me I'm shit even in a game is grating so I highly hope that many of you here make the same choice and quit.,reaction,no
"The last few days I have no clue what is going on. It's minute 10 and my top is 0/5 while my mid is being 1/4 , our support ""forgot"" to ward , adc is being gapped 50 Cs. You know what I'm talking about. As a jungler seeing this... I don't even know how to write down my pain. Ok, we all have bad games but as today a 2/10 top and 3/9 mid I mean... Why do people NOT play safe for 10 mins?? I'm seeking advice how to somehow ""stay calm"" while knowing that the ship is already gone (I'm talking games where team score is 6/30 , and I have 3 kills...) I feel literally empty, full of hate, depressed and mind blown at the same time. How on earth do you keep a steady mind knowing yup another -25LP because I have dogs in my team not knowing how to play/freeze/cs/ward...)""",reaction,no
"I've been playing ranked for a while but I haven't really been totally focusing on ranking up. I've been locking in more recently and I've noticed something. Almost every game (bronze btw) Ive had some insane inters on my team. I don't mean like losing lane and don't bad, I mean playing master Yi and going 2/28 pushing sideline. Has anybody else noticed this more recently after the season of is it just me?",reaction,no
yes theyre all garbage feeders who do nothing,reaction,no
"In the current season it's a lot easier to get a lot of deaths. Deathtimers were reduced a few patches ago and with the new homeguard, which brings you really far into the lane and can easily get you into fights. Riot already anticipated this, as gold drops a lot more quickly for champions that get killed multiple times in a row.",analysis,no
I hate the game why iam always play with feeders i demoted to bronze lost 10 matches always have bad teams dead 10 times or 12 why why 🤬,reaction,no
No offense but if you can’t climb you’re just not good enough. With enough games you’ll always get the rank you’re supposed to be in,hot_take,no
"Despite absolutely hating feeders, it’s just difficult sometimes to not sympathise with them. No one just randomly decides to go 0/20 in a game without reason. And that reason is none other than being flamed. When you play, do your best, and actually sometimes even do really really good, and you still get blamed for everyone elses misstakes, you just lose all energy to even try anymore. This is where most players would stop playing, calm down, and play again later. But for some people this just isnt an option, especially when if they do calm down and start playing later, the first thing they see is toxicity all over again. Riot recommends muting people, but some people have a pride they cant let go off and cant keep quiet when someone is cranking down on them in a completely unjustified manner. This, i promise you, is the reason they then decide to feed: They play a game, they are tired, they have had lots of bad games (Even if they won, cause thats LoL), and the next game just starts off with teamates acting like monkeys and that player snaps, feels that the game is a waste of time but doesnt want a ban, and then decides to feed to end the game quickly, knowing that riot will ignore the reports and throw it in the ditch as simply ""He was just having a bad game"". Feeding isnt the issue. Feeding was never the issue. Feeders occur on both enemy and ally team almost equally. The issue was allways how insanely toxic LoL’s community is, how little riot cares about verbal abuse reports unless they contain slurs. I think the fact that LoL works in the way that you have 3 solo players really contributes as well, because then theres almost allways a single player that everyone can point their fingers at, unlike in ex dota where you usually have someone beside you. Then it’s not that your lane failed. It’s that ""You"" failed and no one else is to blame.",analysis,no
"There's no excuse for ruining the game for your entire team, even if you got flamed. You can always mute the other players. They can't mute you sprinting it mid with mobis.",hot_take,no
there’s many reasons. never gonna change. if someone gets banned they just make or buy a new cheap account and are more toxic than before.,hot_take,no
First of all: its not feeding and youre not the guy to tell people how they are supposed to play the game. Secondly you’ve clearly never played jungle and had a laner go mental boom and follow you arround for the rest of the game only trying to steal camps or deny you farm.,reaction,no
"It's so exhausting when you get intentionally feeding players game after game. I mean that my ADC buying only swift boots and running it down. My support was never in lane and just died to random towers and diving. When I think the next game will be better, it's literally the same thing, except this time my top laner dies 9 times in 14 minutes and my adc sits in base for 5 mins. The worst part is when you email Riot Games, and you can tell that they just don't give a fuck. They don't compensate you and No one gets banned because they didn't say a bad word. So in reality the only person that suffers is me ( the player that is actually trying) because the trolls are having fun and riot games dont give a fuck. Its just exhausting. I truly believe that riot games is evil and corrupt.",reaction,no
Yasuo and yone players sending friend requests after the game to flame you when they are 880 games hardsruck platinum is worse in my opinion it even happend when in the enemy team,reaction,no
"I think people have very different definitions of intentional feeding. For instance, OP seems to think his support roaming and making bad plays is intentional feeding, when it's just being a bad player. Other people say their teammates are ""inting"" whenever they're dying. I had a player in a game yesterday (Top laner) who told people to ""stop intentionally feeding"" when they got picked by a fed Fizz, who he had never interacted with once. Actual intentional feeders I basically never see. There's a lot of bad players, or players that get tilted, but people who are just buying mobis and running it down I doubt I see in 1/100 games.",analysis,no
"If you're really worried about the last bit indicator, go test it out, it's just another distraction to veteran players. People have played this game for years, if you genuinely need or are worried about another person using a last hit indicator, and that it ruins the sanctity of ranked then you probably aren't at that high of a rank, and have room to grow. This last hit indicator isn't goimg to change the fact that I could land 117 cs at 12 minutes, nor will it change how I play the game. Fight good engages, position to last hit CS, it's tge same game at the end of the day, quit being babies and let the new bloods catch up and become actual competition, it's lonely seeing a lot of the similar faces year after year?",hot_take,no
"Silvers in here have spent years of their life learning how to subtract numbers with THREE digits so they know when they can lasthit a minion, it requires all their mental capacity and their 75th percentile last hitting skills are what keeps them away from filthy bronzies. AND NOW YOU WANT TO TAKE THAT AWAY FROM THEM SO THEY GET CLAPPED BY NEW PLAYERS THAT GOD FORBID WATCHED A VIDEO ON MACRO ONE ? rude,",hot_take,no
"I am generally against dumbing down the game too much, its jungle pathing yesterday, last hit indicator today, maybe the game will start indicating that you have enough gold for an item and should back next, maybe they will start warning you about lack of vision at objectives too",hot_take,no
"Im in the minority but i enjoy mastering this kind of micro mechanics, that makes lol special for me that u have to master so much litte things to get better. This process of learning and climbing is fun for me. If they remove these micromechanics (like last hitting indicators) its like jungle nowdays everyone fullclears to 1 item and thats it, no diversity no game interaktion. I strongly believe that if new players dont have the incentive to learn this game they will drop it or never play ranked.",analysis,no
"waiting for the popup ""YOUR OPPONENT JUST USED A KEY ABILITY! YOU HAVE 18 SECONDS TO TRADE SAFELY!"" in szn 18 and people defending it ""well we have last hit indicators already""",hot_take,no
Stop it the 95% of silvers in this sub will be very angry with you if they could read,reaction,no
"Do people really think it's going to ruin ranked? I've played with it once and it felt so shit, like absolutely throwing me off. If it helps people it helps people. Jungle timers were good to help people go into jungle. Lowering the barrier to entry is a good thing.",analysis,no
"League used to be a fun game where I played with friends, made new friends, we trolled alot, I didn't even play ranked I just wanted to chill and have fun. Years later no job, no friends, parents getting older too fast, I got depressed at some point and turned to burying myself in League. Trying to escape silver, then climb gold by watching pro plays and tutorial vids became the biggest distraction from everything. Sometimes the fridge is empty and I play for hours till I can sleep just to not feel hunger. Parents take 10min to get up from the chair makes me cry everytime, hop on league and stop thinking that one day they won't be there. 12 companies rejected me for roles that matched my skills and experiences PERFECTLY- hop on League and grind rank. No friends to talk to or hang out with? play adc and ping at my random support. It's not healthy, but that's how I've felt for some years now.",reaction,no
"Literally a month ago all the frontpage posts were about how there's too much healing/shielding. This week, Riot introduces champions that reduce healing, and suddenly those champions are broken and Riot sucks and the game is ruined. This happens every big patch. I would think we'd begin to accept that big patches = big changes, and that we'd have to adapt. That's what keeps the game fresh. If it were always just tiny tweaks to balance, everyone would be spamming Reddit about how Riot doesn't change enough. This is a big patch. It is going to flip stuff on its head. Instead of complaining about it, just adapt. It likely won't effect 75% of the people complaining anyway because grievous wounds and shield breaking isn't going to stop a Silver 4 Kled from ulting in 1v5 fifteen times in a row.",hot_take,no
"Cant make everyone happy all at one time, all the time. Impossible for riot or any major company. I just go with the flow.",analysis,no
People complain about community been so shity but do they know we are the community right? XD,analysis,no
"As a medical student I have like maybe a game or two in me for the entire week, and the reason why I avoid playing league on limited time is that the experience I get from the game varies so widely that it’s not worth to play 2 hours to get 2 terrible game experience. But now with the new dodges, not only am I going to get autofilled players not dodging because there is no point, but I also can’t dodge to avoid autofill and I am stuck playing support any time I queue until I get rid of that autofill. Yea I was already playing maybe one game a month because this game offers 0 consistency in terms of game experience but this change will probably make me not touch the game if I get autofilled because I am not wasting an hour playing a role I don’t want to play and I don’t want to put my teammates through my autofilled ass trying to play a role that I have 0 idea how to play.",analysis,no
I can tell you're a low elo scrub. Complaining about playing support or getting auto filled once every five games. I don't play solo q much now a days because of the insane queue times and a busy schedule. This is one of the best changes they could've made. Either get good and learn different roles or stop complaining and quit league. I'm 99% sure you weren't much of an asset to begin with for the game's health.,hot_take,no
Support players are whiny assholes who think they should get credit for doing the bare minimum on the most overtuned and lowest skill requirement role that the game has ever seen.,hot_take,no
Yasuo is a genuinely well designed champ and if you complain about him just stop playing competitive video games because clearly you aren't comfortable with skill checks vs human players,hot_take,no
"Absolutely not, getting oneshot was 10x more boring because if you take one step out of position you die. So you have to hide like a bitch.",analysis,no
"Started playing league revently (2ish months) and unlocked rank a week ago. Started off pretty well winning a lot of my games since they placed me in iron but Im starting to stagnate in bronze 1 since a lot of times they put me against gold lane opponents while my teammates are often silver/bronze too. Games are lost because either me or bot lane is gapped by opponents much higher ranked than me. Is there a way for me to finally match against other bronzes too or am I stuck fighting players 2 ranks higher than me because of my MMR? Ign: FakerGlazer on SEA server, would love to hear some advice because im dying quite a lot in top lane to jungle ganks since I dont really understand the macro quite yet",analysis,no
"Tonight I had to fight to earn 84 LP I'm literally too tired to queue up into promos. Does anyone else feel this way when winning? I'm not even happy I'm just glad it's over. That's like my feeling every time I play league either relief that my shift"" is done or anger that I've lost another game. The last time I felt happy playing league was season 3 where I beat someone so bad he went to sell his account on the forums ran into him 3 times beat him twice apparently I didn't deserve to win. I was legit trying my best just to beat his smug face with my Syndra and it paid off. Now every game is awful I just /mute all and hope nothing insane happens.""",reaction,no
"Yea, I feel the same way 95% of the time.. Like, thank you Trynd for goin 1/8 in the first 20 minutes of the match.. Thank you for not pressing R once in four of those deaths. I'm really looking forward to this fed af Morde now. I'll definitely need to set aside 1300g for his R now.. And then 45 minutes later the game ends and I'm just left wondering why I put myself through that.. Was the +16LP worth it?",reaction,no
Nexus blitz was the best mode ever made. Could play for 4 hours straight before I got exhausted. Then I play summoners rift and after 1.5 games I already want to be done with it. Often I just login and dont even feel the strength to start queue for SR,reaction,no
"It's especially draining if you have to shotcall through chat. You have to carefully think about your words (maintain authority, trust and positivity) while also actively doing your own micro. Shotcalling increases my winrate tremendously but also makes me play less games. Still hoping for voice chat though. The main argument against is the harrassment to female players. If/when there is a good and manageable solution for that issue, I think voice chat should be implemented. General toxicity would be way less imo, the average league player is too socially awkward to flame through voice chat.",analysis,no
if you're trying to play seriously league is an incredibly exhausting game so yes it's normal. It takes a lot of mental brainpower to actually play the game correctly and not autopilot so playing a lot of games in a row will drain you. Now some people find this fun and rewarding. I personally don't anymore so it's why I only play league in norms to goof around.,hot_take,yes
"Teammates that are bound and determined to ruin my experience by inting my lane, literally tower diving without any minions My jungler dying while soloing Baron. My top laner never rotating, only farming. My mid laner never rotating to fights. My bot lane perma farming past 50 minutes. The enemy team destroying my team's nexus. The sun in my eyes while I'm trying to beat up Leona The moon in my eyes while I'm trying to beat up Diana The water in my eyes while I'm trying to beat up Fizz The sand in my eyes while I'm trying to beat up and Shuriman champion I'll see you in the Rift tomorrow.",reaction,yes
"I'm wondering how many people are feeling this way or if I'm the minority here, but dude this season just feels so not fun to me. I'm about 10 games into the season and all of my games are legitimately over by 10 minutes, I've voted yes to more surrender votes in these games than I have about all of last season. Every game is a constant fight fest until someone is 0-3 and then it's game. The pacing of the game is so fast and you get out leveled so much quicker now that there is almost no incentive to even try and come back if you are ever down. I'll fully say that im a plat player so I'm not good at the game but I've played since season 4 and I have a pretty good feel whenever the game is in a good spot and this year feels so unlike any other season. It almost feels like I'm playing urf or something in regular games. This shit just ain't it for me again I know I'm bad but I'm talking about the game just not feeling fun to play. At least I was bad at the game before but the game was still fun to play. Is anyone else having a similar feel or am I just talking out my ass?",reaction,yes
"I was frustrated like you, as a plat player. What helped me is just telling myself to slow down. The game pace is different, but game length is pretty much the same. You feel the pressure to play fast because ""the game is faster"" which is probably leading to mistakes. Slow down in game. Keep to your fundamentals. You'll adjust.",hot_take,yes
"5 games in this season, 4 as ADC one as support. I felt like botlane had 0 impact on all of my games, took 5 loss. On 4 of these it was either a Zed or Diana super fed that came in an just decided to one shot everything. What the fuck is going on. This is the worst league has felt for me since season 2. Hope that there will be some adjustments",reaction,yes
"Yeah I'm not a fan, the rhythm of the games feels completely off. As a jungler trying to save a losing lane feels like an impossible task compared to previous seasons because the gaps in levels grow at an insane rate",reaction,yes
They never gna revert it bro that's the reality of it. The majority of the people who feel like you myself included should do there damn best to quit. They don't give a fuck about what the community wants they never have. The punishments for dying in this game now is insane. Especially if you're top Lane you die once there you're down 2 levels die twice you're completely cooked. I'll be honest I'm praying for a perma ban after I just alt f4d the game idc.,reaction,yes
"what the hell is going on with league for the last 3 months? after having a pretty decent time with this game, the last 3 months are purely horror. not to mention all the troll/smurf accounts, but people are so toxic again like they have been 3 years ago. its purely insane. literally every second game multiple idiots who flame grief, want to ff at minute 3 and ping spamming as much as the game allows them to do. i wonder why they arent being enforcing their rules. a 5 games chatban or a game queue pentalty doesnt stop them apparently. its so frustrating. especially at weekends.",reaction,yes
"I can't get into the headspace of someone who boots up league of legends, sprints to lane, coin flips level 1, dies, immediately types ""FF15."" Like, go play ARAM or something. What could you possibly gain from this when your brain is not wired for a 30min SR match",hot_take,yes
"Was playing a normal last night with 2 of my friends. Fucking around, Malphite JG. Smash. 5/0 Zed is mad and raging that we don't have a tank because I built full AP and to FF, it's a 4v5 (I'm full clearing like normal without ult up while they are skirmishing mid). Dude continues to side lane the rest of the game and complain about me taking side lane farm….or pinging me because I'm not face checking a bush to check to see if their entire team is on dragon. We win the game. I have the most damage and highest KP. I look at his account, 35% in the last 20 games. Man is tilting off the face of the earth in normals.",reaction,yes
it's a coin flip. I think it's survivors bias. You don't remember the chill games as much,hot_take,yes
"had one like this yesterday. I have a new, currently silver account for learning locke. Plat MMR game. For like 10 minutes straight - 0 kills. Everyone felt like they were playing super, super safe. You could cut the tension with a knife. It genuinely felt like what i imagine it is to play pro. Everyone knew that a single death on either team would blow it open and probably end the game. Getting a flash felt like getting a kill. When u have 10 people genuinely locked in, its really fun to play. Even tho i waas technically smurfing, i had to focus more in that game than ive had to do on my main in a long time",reaction,yes
"So, im relatively new to league of legends, and recently hit Gold. Hasn't the game been out for ages? And if so, HOW IN THE HELL DOES THIS HAPPEN, IS THE MATCHMAKING THIS ASS?? Just went up against a 75% winrate Camille who confirmed after the game that he is a master elo smurf, as well as a 90% winrate jungler. My team, however, had a Silver 2 45% winrate Jungler... And me whos a Gwen top main... What the f*ck did I just play... edit: the game after that i got a 1/11 sion, 1/13 shaco, 3/12 senna who came top to feed my opponent and take xp... and now im 0 lp gold 4. this is awesome!",reaction,yes
"You are relatively new to the game and gold. I assume you just had lucky games that got you in gold that early. That said, the matchmaking works completely fine. Yes, you can get smurfs but they are very rare as if it's a real smurf they will put in high mmr very quickly. Recently when I smurfed I had a jungler that kept claiming he is a ""grandmaster"" smurf and we should only listen to his calls (they were bad). He was at 60% winrate and fed every single game. But even besides that, I could tell within a few seconds that person wasn't high elo. What I'm trying to tell you - league players are not the brightest people and a real smurf won't even tell you they are a smurf. He just outplayed you, or your team mate. Everyone in your game had about the same MMR and was thus weighted as equal match.",analysis,yes
"Use your brain for a second. If a game is fair, you will have an equal chance to win or lose since neither side will have an advantage. That means you have a 50% chance to win. That is literally all it means, and is how literally all matchmaking works. You're basically asking that games should never, ever be fair and one side should by default always have an advantage. Even when everyone is of equal skill, you're asking for one side to get an arbitrary buff at the start of the game to make them stronger. You do realize how stupid that is, right? 50% win rate isn't a forced goal, it's the natural conclusion of all properly working matchmaking. If you're better than the opponent, you will have a higher chance to win and the game is not fair. This causes you to climb to a point where you're against people equal to your skill so you will get fair games (meaning a 50% win rate). If you're worse than the opponent, it's the same but demoting you downwards instead.",analysis,yes
Most of the time when I look at the people who made the game dog shit quality it's someone off role or someone playing something they have no idea how to play. There is no punishment for being auto filled nor can the system know if you feel like soft trolling for no reason. It's a player base problem not a riot problem.,hot_take,yes
"League Classic is a bad idea because I don't like it. Nobody else should be able to play League Classic because I don't want to. League Classic existing is detrimental to my personal experience of League because other people will get to experience something that I have no interest in. I'm not going to play it so no one else should have the opportunity to either. /s Seriously though there's nothing wrong with it. Play it. Don't play it. Doesn't matter. Just stop shitting on the concept of it. Let people enjoy things, it won't affect you at all.",hot_take,yes
"League classic is a great idea because I love it. Everyone should be required to play it to gain an appreciation of the game. They should lock playing all other game modes until you have have beaten an enemy season 3 Kassadin, to teach these zoomers what we went through.",hot_take,yes
NO. League classic is the best thing since sliced bread. YOU are wrong. I am right. Downvoted and reported.,hot_take,yes
"People saying on how old lol was ""terrible"" (all ppl that have never played it btw) meanwhile im saying old lol was a fun and good game. If it was truly bad then it would never have turned into the most played online game in the world.",hot_take,yes
"Game is in fine state, and is actually fun to play. Playing for climbing is wrong approach.",hot_take,yes
"Riot can't really do anything more to stop people from being toxic. If they removed chat completely, people would just int more, which is much harder for them to detect than people being toxic in chat.",analysis,yes
"The balance team does a pretty good job with the hand they are dealt. Sometimes they make mistakes, but they have a huge challenge and handle it better than almost any other comparable game.",hot_take,yes
"How do you cope when you spend every waking free time playing this game for 10 years but still stuck plat. Like genuinely my life has been living hell, now im homeless. Still find time for wild rift when im not working. Still play enough that i should improve. Still stuck plat. Literally theres no point in life when your life is horrible and your not even good at your only hobby. And i feel cursed or something because ive done my homework. Ive put in the time. The work. The investment. For 0 return. Basically how do u cope when the only thing u care about isnt even for u?",reaction,yes
"I win the most when I'm doing well in life. Wherever I'm passing all my exams and doing well at work, my mind feels so relaxed I'm able to focus on farming and macro. Just less anxious, you know? Ironically you're probably not improving because you're playing so much. Go find some accomplishment to feel proud of in real life and you might improve. Also, at the end of the day, LP is just imaginary points on the internet that don't mean much. If anything it might be something to be embarrassed about.",hot_take,yes
"I just unlocked rank and I have a horrible winrate of 19% over 21 games everyone is always toxic to me and wants to ""ff at 15"" the second I lose a fight or int early I know I play a ton of different champs some even hard for beginners but I don't like brain dead champs like garen and lux so thats why. I watch vods but mostly educational content My jungle gameplay is praised by friends but all the knowledge is from dantes x jinxzi streams lol, I just prioritize camps then gank when the chance is high and route towards objectives, I even know routes of counter invading and such In top I pick whatever the u.gg tells me is a hard counter to the champ I am against or I pick my own fun like fiora and irelia, I die so early and it feels like my enemy laner is always fed and the reason we lose and when I die ONCE hes 2 levels and an item ahead what do I do PLEASE, this shi used to work in swift all the way to level 30 but I am getting brutally MOGGED this is the tracker https://tracker.gg/lol/profile/riot/GooN%20Moisturizer%23com/overview?queue=RANKED_SOLO_5x5&season=2026-04-29T11:00:00%2B00:00 I wanna know where the problem is EDIT: everyone is telling me to stick to a couple of champions but it is really hard because every day before sleep I see a new champion on youtube that I think is completely creative/op that I Wanna try next day And 2- I used to win a ton of normals with WW but he's kinda lame so I keep switching Thats why I can't really stick to a role/champ",reaction,yes
"Just because a champ is a counter doesn't mean that you auto win. YOU are still the one piloting the champions. Some matchups don't win until lvl 6, maybe it takes an item or two until they start winning. Stop doing this. Pick two or 3 diverse champions and only play them",analysis,yes
"You're right, the game is difficult and takes a lot of time to get better. Even a random Silver player has a quite correct underestanding of the game at a basic level as well as knowing quite well all the champions and their spells.",hot_take,yes
"I know a ton of people won't agree with me but I just hit emerald and I'm trying to rank up on my main account. it's gold 4 and dear god it's horrible. I know people will say ( if your good just carry) but it's hard to carry 4 animals when the enemy team has 4 bosses and that cute cuddly pet that I have been killing the entire time. whether is be top, jungle or adc. even support which is especially hard when your adc loves to die and is attracted to hooks like a moth to a flame. this is mainly cope",reaction,yes
Every elo is elo hell. You just become good enough that the dogs don't drag you down.,hot_take,yes
Brother from gold to master there isn't much of a difference. Its just people who put more time into the game and know more than the basics to climb. I've only found silver and below to be unplayable because how bad teammates run it down,hot_take,yes
"So, I finished split 2 in emerald 4, and now in split 3 when I played the 5 placement matches, I got gold 3. Why is this happening? I feel like the bronze/silver/gold player is playing really well, playing diamond level, or is it just me? Since when I haven't won a match since I entered split 3. I was in emerald and there it was giving me platinum 2 minimum, emerald 3 maximum and they were playing weaker, meaning not very good at laning and macroing, not punishing mistakes properly. But now I have a question? Why are these matches lost, because I play the same as I was in Emerald and I don't perform at all. What should I do? Thanks.",reaction,yes
"Every game I've played recently (Emerald II) is filled with toxic, griefing, inting, sabotaging people. You have a Sylas midlane who goes 0/4 against Xerath and literary gives up a winnable game. You have Ezrael dying botlane to a turret diving twitch, flaming since minute 3 that the game is over and we CC at 15. You have a senna support who dies with him. And in the end, you lose BARELY and would have won if you had a sylas with more than 130 cs after 30 min and more than 9K gold. Like these are just a few examples, today I logged in from not playing for 2 days, and I have literary over 10 notifications that people I've reported have been ""punished"". Today is the day that I honestly felt that this game might not be for me anymore. I don't have enough friends playing for a fullstack flex. If this game had solo/duo/trio maybe a trio would work. But man I'm tired boss, I literary asked myself why I keep playing LoL, and thats from like 80 games this season alone. How are you people with hundreds of games enjoying this game better than I do?",reaction,yes
Competitive matchmaking fundamentally drives you to a 50% wr. You hinging your enjoyment of the game on winning means that you enjoy your hobby 50% of the time. You need to hinge your enjoyment of the game on something else that puse hes that number up.,analysis,yes
"This week for me has been unplayable, maybe 10 losses and 2 wins. A Graves JG that is 5/2 at min 15 by camping toplane, while my Reksai toplane goes 1/6. Graves decides to go afk because ""team bad"". Next game i get an Aatrox top vs GP, he stomps toplane and by min 25, for some unknown reason, he decides to ragesplit botlane and leave us 4v5, gifting the win to the enemy team. Another game, a Hecarim jg that goes 0/4 at min 10 by invading without mid/bot prio, getting gangbanged and killed, flames everybody and then goes afk. Sometimes this game is like this, you can't do shit about it.",reaction,yes
"I've been playing since season 6 or 7 and only recently the last couple of years have I genuinely tried to climb. I peaked p2 a couple of split ago because that was always my goal and ever since I hit that, I dont feel as inclined to climb anymore but I can't stop playing. This may sound like a dumb post but I genuinely don't know what to do. I love gaming but I feel like I'm too addicted to league to enjoy other games for very long. I've Uninstalled and reinstalled a few times now but I don't know why I can't stop playing. I think soloq is so anti fun sometimes and frustrating and i would probably love flex que with a 5 stack way more but none of my friends play anymore/never on same schedule. Any advice is appreciated and welcomed. Please don't try and flame me too much. Just hoping I can get some feedback",reaction,yes
"IMO this season has been the worst I've ever seen it. Most game has at least one person just intentionally ruining the game because they have another account they can just hop onto. They die 1 time and just sprint it down the rest of the game. If they don't run it down they just soft int and make sure to contribute nothing to the game. It's so discouraging trying to climb when this happens constantly. Every day when I log in I have at least 2 ""thank you for your report"". Edit: Thanks for all the comments. I'm glad to know it's not just me experiencing this at least...",reaction,yes
"Over the years, more people have realized that their bad behaviors won't get them banned. Every year is worse than the last, and it just keeps getting worse. We can mute verbal toxicity, but there's nothing we can do when someone's running it down. You can go Jinx jungle in master+, tell your team you're griefing, end up in 0/8 and you'll be fine. I've seen things like that a lot. To think that there's a ""behavior team"" at Riot is crazy to me. What are those guys doing ?",hot_take,yes
"Yeah, this season has been terrible I've had 3 guys who lose lane solo or get ganked by an obvious gank who proceed to quit the lane to try to steal the junglers camps for the rest of the game (assured loss). I've played since S5 and never have I ever had inters like this before, its a S13 thing... probably because some asshole streamers normalized this behaviour and riot doesn't punish it Also, I've had a lot of losses recently because of Irelias and Yasuos. I never get to play against them, but I've had about 3 yasuos and 3 allied irelias that straight ran it down 0 7 before minute 10 making the game unplayable because of an ultra fed enemy top laner with 10cs/min and 2-4 levels ahead of everyone. I'm platinum 2 right now and it feels like the old Bronze elo hell with the amount of trolls and inters in every lobby (you rarely saw trolls/inters past gold/silver the past 8+ seasons) This season has been absolute garbage in that regard",reaction,yes
"I'm by no means a great player. I peaked at low gold when I played the game more frequently, and nowadays I hover around low silver. That is to say I make mistakes all the time. In most engagements I'm playing sub-optimally. It's why I'm in my elo. So when someone tells me ""You should have used your q"" or ""that was a bad gank"" I tend to agree with them. Most of the time if I have a chance I'll even briefly post my thought process on why things went wrong. But I am tired of the complete lack of self reflection from my teammates. Yeah, I might have missed my Q on the gank, but you were pushing them under their turret with 1/4 health. I didn't throw this lead single handedly, league is a team game. There is no shame in making mistakes, its how we grow. The problem is when you can't accept that you've made a mistake, and have to blame it on other people. I guarantee your team will work better if you shoulder some of the blame instead of throwing it all onto someone else. And you can probably even grow as a player. I guess, idk I still suck at league but in theory it sounds nice.",reaction,yes
"I think this is what separates high elo from low elo. A higher elo player will most likely reflect on themselves and focus on what THEY could've done better. They will learn a lesson, and move forward to improve future plays.",hot_take,yes
Junglers get blamed for the universe simply existing.,hot_take,yes
"Venting after dropping from emerald to plat. Ultimately the outcome of a game is determined by the damage dealers and objective killers. I can ward the entire map, heal and shield like crazy, and set up the best team fights. But lately it's been loss after loss due to team not grouping, jungler refusing to get to objectives, top, jungler or ADC just AFK farming, and more. I feel so powerless as support when ultimately the game winning actions aren't made by support. I have to rely on other roles to do their jobs to end the game. Yeah I could switch to another role for sure. Just saying that it's a love hate relationship with this role.",reaction,yes
"Support is actually quite Elo inflated, if you're talking about individual games lost because of bad players well then that affects every role. If your adc is bad you just roam the entire map and win the game with your jungler or mid",hot_take,yes
"on god supports even in plat/emerald don't understand wave states, lvl 2 or even the game. they literally get backpacked to their elo since the role is so disgustingly broken that even braindead players can climb. its also the only role where you can go 0/15 and not be blamed when it's obvious ur high-key inting white getting nothing done. Furthermore, when a support is better than the other one it's so disgustingly obvious more so than other roles. please change my mind!",hot_take,yes
"Been away a couple years from league and just got back to playing mid. Been playing in plat elo for a few weeks now and I don't know if its just me or what but it seems like every support thinks they're Keria and pulls out some random pick mid. I'm not talking about flex picks, I'm talking about picks like Vayne, Lucian, Ambessa, Renekton, etc. Even when I do get normal supports, I find that supports don't care about holding wave/last hitting/leaving kills for carries anymore. When I ping them to back off I find that they get mad at me and go out of their way to take all waves before I can. Is it just my unlucky games? Or is that how plat is now and something I'll have to get used to?",reaction,yes
"I have been playing ranked for a long time and i've been hovering platinum for the past 4 seasons. However, lately, it feels like it is impossible to climb anymore. I'm really not trying to say that I deserve to be a higher rank than I am. I have been the same rank for quite a while. The points are just brutal, I am winning 18 points and losing 24. I've been on a 6 game win streak, but it was all ERASED in 3 losses. I always complained about people remaking their accounts to abuse the system, but I slowly feel like I understand them. This just doesn't make me feel like playing on this account anymore. This has been the account I started on, back in season 10. I KNOW that the absolute best thing I can do is just improve overall, but it feels incredibly punishing to demote in so few games, compared to how many it took to rank up. https://imgur.com/a/QbuO9uB",reaction,yes
"Bad jung who force a gank when im already winning. Yday was level 3 as lillia enemy ekko was 1hp and i was dominating lane, zoning him off farm and looking for a kill opp. He was top right of his tower near red side raptor. My kayn comes from bottom left bush Flashes (instead of walking) misses his slow, dashes under the tower and died Im lillia. He literally used 2 dashes to run into the ekkos tower and insta die. Why. Why is he forcing a useless gank when ive already won lane if things stayed the same.",reaction,yes
"I hate when im being camped by enemy jungler or even more Players and meanwhile midlane isnt being pressured at all and my jungler goes for another full clear. Even worse IS when they Tell me to Stop feeding, yet you cant do Shit sometimes. Happens alot in my ELO (Low gold). People Just Play afk-brain-mode and prefer being flaming donkeys instead of providing any meaningful impact",reaction,yes
"I just had a game where my nasus mid TP'd top lvl 1 after he realized the enemy Sett was mid and griefed the entire game by forcing me to duo lane with him. Somehow we never FF and we have to play the entire game out until they kill the nexus at 21 minutes. And of course the nasus was also an adc main, go figures. The never FF mentality is so disgusting IMO. If you play horribly, you deserve to lose, for some reason players in NA don't believe that, which is probably why we are the worst major region.",hot_take,yes
"I kinda feel like this misses the point. ADCs have power, but they don't really have much agency. And that sucks. There are games where the ADC is ripping through the enemy team and winning the game, but it's often because the enemy team is failing to get to him - mostly due to either their failing or the ADC's success. There are games where the ADC just gets exploded repeatedly (by an assassin, by an enemy mage support, whatever) and feels like there's very little they can do. The ADC positions as best they can (with what information they have - they generally have relatively limited influence on the vision game since their DPS too valuable to risk them getting exploded trying to ward). It feels like everyone else gets to make plays, while the ADC just has to ride the wave. u/RiotScruffy",analysis,yes
"Well, the updates here are biweekly, they mostly change balance stuff / sometimes add new content (mainly skins) Every year, we go into a new season, and seasons often come with a big amount of changes / new items etc. etc. The big plus of league in that part, is that it'll most likely never feel stale. So that's another big plus. Regarding P2W, there's nothing like that on league, and I'm 100% certain there will never be. The furthest we can look for P2W in league, are some of the skins, which make the abilities a bit harder to see, but that's barely anything once You learn the game. And about learning the game, that's the hardest, and probably the most fun thing in it. You'll see all kinds of different builds / champions / playstyles, There's alot to learn. It often scares people off, but in my opinion that's one of league's strongest aspects. (Ofc don't worry about it that much, just play the game and You'll learn more and more about it by simply playing.) There's some stuff, that You'll have to learn from youtube videos if You plan on actually tryharding, like wave management / which items are the most gold efficient / specific stuff exclusive to Your champion etc. etc. One tip for a beginner, is to not get discouraged by the fact that You'll most likely get destroyed completely at first. The game has a problem with smurfs, and alot of normal games / low elo ranked games are plagued by people from higher ranks, that are either leveling, or ranking up their other accounts. But overall, league is a fun game as long as You don't try to sacrifice Your whole mental just to get 1 rank higher :pp",hot_take,yes
"State of the game including things like champion balance, meta, toxicity, esports, features like autofill or voice comms or whatever else comes to mind. It could even just be your satisfaction after playing the game. I feel like I haven’t heard any major outcry from the player base about champs or items or meta recently. It seems like the dev team have been paying a lot of attention to what players are asking for, e.g systemic changes like mythic removal, removal of preseason, crackdown cheaters/smurfs/toxicity. And also on a patch to patch basis like nerfing tank items, small buffs to ie and ldr, adjustments to meta ""breaking"" champs like elise support or karma mid/top.",analysis,yes
"Balance itself is really good imo. However I feel that the game starts to be too complex. I've been high diamond/low master from S3 and it during the yearly climb grind, it feels like the level where you can start to count that majority of players know all the ""basic macro mechanics of the game"" have risen a lot. There can be some mechanically godlike player playing a complex champion in mid/high diamond, but they completely lack the game knowledge to know how to react to macro level stuff around the map. As someone who plays simpler champions and have been focusing on the macro side a lot more, that tilts me to a no end. From my experience I'd say that during S3, even majority of high gold players had a basic macro level knowledge needed to play the game correctly. Sometimes their execution lacked, but they still mostly knew what they should be doing. Nowadays I feel that this cutoff is somewhere in Master, and there are still some people even there who have no idea how some basic stuff works.",analysis,yes
"Esports probably have had the biggest glow up in years now that fearless is the standard at international tournaments. I was actively dreading the return to classic drafting because I hate seeing the same champions picked over and over in pro. I doubt anyone misses the Azir/Corki mid handshakes. Whenever I get put on adc duty, I'm reminded why I switched to maining mid as a pure solo queue player. I have some ideas that might make it feel marginally better without giving it any combat power, but I doubt Riot would ever do because of wider implications, so no point writing an essay. Autofill isn't a problem for me, if only because I queue Mid/Bot and rarely ever get autofilled because of that, half the time I'm protected, lol. Still glad they don't have voice comms, especially after playing Marvel Rivals. To all the people who keep swearing it will bring down toxicity, stop lying. After 100 hours, I've heard voice comms used to flame more than actually communicate anything useful.",analysis,yes
"Mostly good. I don't like atakhan I also don't like the grubs/dragon relationship.. You beat their jungler and get dragon, but guess what, that means they get grubs for free. Same goes vice versa Feels like the win of counter-picking or counter-jungling is gone since they are guaranteed one objective if you go for the other",analysis,yes
The game has been good. I personally miss the first blood gold being more on a n individual than being to the team but I think the addition of feat is still overall positive. Getting people to get to early objectives used to be much harder but feat literally changed the perspective of getting them early. Atakhan has been an interesting addition and sadly some players still haven’t looked up how to deal with him yet which has lead to massive throws but I think overall the extra objective on the map has made decision trees for people diverse. For a veteran player like myself it’s very very good. It’s made the game far more fresh and less predictable.,analysis,yes
"Most of it is fine, i just wish some of the movement speed creep could be toned down a tiny bit. I think the best way to do this would be to actually lower the movement speed softcap a bit so that stacking multiple sources of movespeed didn't feel so oppressive, rather than nerfing all the individual movespeed items. I also would like to see a way for a team to gain access to T3 boots even if they didn't initially win the Feat of Strength. Like if they manage to kill Elder Drake or something. It just feels kind of offputting to have a game where a comeback is really possible but you still have a lategame disadvantage just because of something that happened in the first 10 minutes.",analysis,yes
"In terms of balance i really appreciate the game right now more than ever. I kinda dislike the swifty boot abusers right now, but thats something everyone has access to so im kinda fine with it. Imo the Smurf/Secondary Account stuff has gotten out of hand. Im on 300 games this split and i got on average 3 to 4 smurfs in my lobbies. Like 80% of the time its said players which completely ruin the game by stomping or getting stomped. Its just never a fun experience to have those guys in your or in the enemy team because it never feels like the win or lose is deserved.",hot_take,yes
"League boomer here, I've been first timing new champs in Ranked since Xin Zhao release, and he was the first champ released once Ranked became available Over the years, new champions feel really good. In modern League, walking, auto attacking, skillshots, and pathing all feel pretty good. There's the occasional hiccup with minion block, but not nearly as bad as when they were figuring it out Now on to the new stuff. I spend <5 mins in practice tool and I'm ready to take new champs into ranked. I try out a few combos, a few items, and level up abilities to feel the CD. I don't think that's even necessary since practice tool is new. Because of how much the playerbase has improved, the actual champion you pilot takes a bit less importance. You still have your role's job, same roam timers, obj timers, gameplay loop, etc. For build, it's not hard to look down and see if the numbers are Blue or Orange. You've certainly played that class of champion before. And abilities all have an expected range, missile speed, etc. And if something surprises you, you pretty much learn it on the spot Advantages: Your opponent is more unfamiliar with new champ playstyle, CDs, combos, etc. As the player, you become familiar with it much faster than they are. Both of you are unfamiliar with it, but the delta in rate of familiarity heavily favors the player on the new champ You don't choose a new champ and go 0/13. You went 0/13 because of positioning and macro decisions. And honestly, you see plenty of 0/13s anyways on players with 1 million mastery At the very least, your ally playing the new champ for the first time isn't on autopilot. They are actually Locke'd in and reading their ability tooltips, thinking about items, and thinking about their positioning in teamfights Literally on Game 2 with new champ, you have SO much more experience than everyone else playing. The only other ppl with the same amount of exp seeing the champ in their games are the other first timers Why is the enemy Locke always 12/1 coming out of lane? Because he's on his 3rd game, and your midlaner is fighting him for the 1st time. Everyone in this game knows how to adjust around a fed Master Yi. In the first week, almost no one knows how to fight the fed Locke. Once you learn how to win the first ~8 mins, you can just start steam rolling the game TLDR: At least the new champ player isn't on autopilot & the enemy team has no experience shutting down a fed new champ",analysis,yes
"Yeah but you have to remember that the average League player is Silver/Gold so they tend to fuck up more often than not and they can barely play a handful of champions let alone a newly released one, could it be that they would've fucked up the game while not playing the new champion? Yes, 100%, but people tend to try to find a reason on why they lost instead on reflecting on themselves and person playing new champion they dont know how to play"" happens to be a realy easy target.""",analysis,yes
"The odds that the player on the new champ isn't on their first time playing it is not very high. The new characters always sit at 80% ban rate. It hard to even play a game with them. To address your point, it is beneficial for the person trying to spam them, sure, but satistically you would be smart to dodge when someone first times any character, regardless of how long they've been out. Riot has a firm stance that they're not going to limit new characters from ranked, going back over a decade. Making a thread for or against it after all this time isn't going to change anything. That said: If you first time a character on my team and don't even dip a pinky toe into one practice match you're kinda a dick regardless of what Riot thinks is best for it's balance sheet.",analysis,yes
"Ive been playing league since s7. This season ive been really trying to improve my game and its been well since last two patches. I main Camille top, got up from bronze to plat 4, then got a bit distracted and deranked to gold again. Then something horrible happened. Every game I play last two weeks is weird. One game jungle Garen (????) straight from bronze, a ""fast climber"" (in a gold lobby with 5 gold players in enemy team) got pissed that my midlane didnt help him chase down the jungle enemy TF, which he chased for 2 minutes straight, then went onto mid to feed himself to TF 3 times. Another one i get 0-12 in 9 minutes on bot (which is bronze, so it happends, but...), Draven with BT solo killing everyone and stomping the game even though theyve had an AFK jungle (and they refused to remake). Then i get 5 AP in my team with the last two - ADC Yumi and Support Katarina. Then, yasuo with 0-13 powerspike from bronze. He played 13 matches and lost 12. It is still a gold lobby. He was bronze 4. I try my best every game, but it just happends, that if id to loose my lane - nobody would care, so I get stomped, as the toplane is so volatile this season. But if i win, somebody on my game either would troll, or feed so much, that i couldnt match my enemies. They dont listen. They dont care. Even though i had 9 games loose strick, my team is still ranked lower then the enemies almost everytime. Isnt League supposed to be, like, a team game? Like, you would expect someone to care about the game, so your mistakes are not a literal death sentence for the whole game? And wtf is wrong with ranked lobbies now? Why are there so much smurfs, trolls and these fast climbers placed to play against people 3 ranks higher than them? Am i really the only one whos experiencing it? I can't be the only one... I am about to loose my mind.",reaction,yes
"I just wanted to say that this is honestly the most toxic game I have ever played. The community feels full of burnt-out people, constant negativity, trolling, and players who seem more interested in ruining games than actually playing them. The matchmaking system also feels terrible. People say ""losers queue doesn’t exist,"" but it’s hard to believe it is just a coincidence when my teammates are also on losing streaks while the enemy team is on winning streaks. Maybe it really is coincidence, but it definitely does not feel that way. I am not even angry because of my rank. I do not think I am an amazing player, and I know I am only in Platinum. My problem is that maybe one game out of twenty actually feels like a good, balanced match. Most games are either our team stomping or the enemy team stomping, with almost nothing in between. Back in the day, balanced games felt much more common. I have played nearly 500 games this season alone, and it feels like so many people queue up just to troll, be toxic, or mess around. I understand that some people find that funny, but why is it allowed in ranked? There are normal games, ARAM, Arena, and plenty of other modes where people can play casually and just have fun. Why ruin ranked games for people who are actually trying? Again, my issue is not that I cannot climb higher. My issue is that at my level, the game almost never feels competitive in a satisfying way. Either we stomp, or we get stomped. I honestly dislike stomping almost as much as getting stomped, even if winning obviously feels a little better. To me, the ideal match is an even game where good tactics, positioning, teamfighting, objective priority, and decision-making actually matter. Even if I lose, I can still enjoy the game if it felt fair and competitive. But right now, that kind of match feels like it happens maybe once every twenty games. Maybe I am just unlucky, and maybe this is mostly a low-elo issue, but it is extremely frustrating. I am curious what players in other ranks think. Is it the same in different elos, or does it get better higher up?",reaction,yes
Build variety is at an all-time low for most champions. Situational items are terrible and GW items feel like they will be mandatory core items if the next patch goes through as is. Game is just poorly designed and catering to an impatient audience that wants 4 second fights and 15 minute games.,hot_take,yes
"I think the meta rn is more unbalanced than it was at any point in season 10. On one side there are champions like Kai'sa and Camille (The nerfs are a joke btw). On the other side there are champions like Akali, Ryze, Gangplank and (I might be biased since he is my main) Veigar.",hot_take,yes
"Honestly? I was playing since season 1. Every patch there is always circlejerking about changes and whatever, and I didn't give a shit. It was always just game of adapting to new environment. Whatever! I started preseason with good atittude, thinking that hey, new items, new ways to adapt and enjoy the game like the past 10 years right?I hate season 11. I hate it so much. I have stopped playing the game. I just don't have the willpower to log into the game and start playing. I've been in borderline diamond/master since season 4, I know how to play. Current ways of playing are disgusting and suck any feeling of control and ability from a player. I feel punished for roaming and for playing aggresively. I feel like it doesn't matter who is better, but more like who is less patient who can get themselves into risky situation that will kill then. There is no reward for risking. Only true value comes from doing NOTHING, and hoping you are more efficient at doing nothing than your opponent (so, don't get killed solo, have good farm, hope your enemy roams so you can shove and farm plates).",hot_take,yes
"Too snowbally, get cheesed by the enemy jungler who's duoing with your lane opponent and you don't get to play league if your lane opponent gets the kills and they play it semi smart. Assassins one shotting everyone that's not a tank with no counterplay People use the argument that assassins need a lead to be relevant which is total BS because one shotting the damage dealers is their objective which they can always do due to their broken kits. Games are decided in 10 minutes Game is too snowbally for late game to matter lol. Camille's existence Why is she allowed to exist in her broken state... since release ? Jungle is literally the only role that matters, better jungler always wins, the role has way too much impact... WAY too much dmg. Losing half of your health or dying because you get hit by 1 ability is not healthy for the game lol. 200 Years of collective game design experience still can't fix the league client",hot_take,yes
"Darius is a high elo skewed slightly and has a ~49.5-51% WR. Garen is strong if not a bit OP in lower elos with a ~52.5% WR but till Dia+ he falls off to 50% for a good reason. He is decently easy to counter with skill. Olaf is also higher elo Skewed and the best of the 3 here with a 50-52% WR (low to high elo). Camille is pretty much like Olaf but a tick worse in low elo. 49.5-52% WR (low to high). Skarner is still new and needs some time. Right now he looks ok top/support except for Dia+. Janna is at 52% WR at all elos with a high PR. She is strong for sure and can take a nerf. But she isn't insane. Ahri is a bit out of line. 51.5% WR at all elos, 13-16% PR and 15-20% BR. I am saying it is not as bad as you make it sound.",analysis,yes
"PSA: i will be using mundo as the example here due to him trending but this is not isolated to mundo, he is the champion that is most affected by the current game state at this time due to certain league influencers. the influencers aren't the issue, they have the ability to consistently reach a point in games that the item/champ kit synergy's are overtuned. The issue is that there is the carrot of ""if i just make it here im broken and we win""...... that's not healthy for the game and in my opinion this is why: coming back to league after a year away and im struggling to see how the state of champions like mundo is healthy for the overall game. Yes mundo is balanced in a sense that if you have a team that understands a games unique win-cons and lose-cons as well as a jungle/mid/top to macro attrition the mundo prior to level 11 AS well as closing out the game before mundo is level 16.....then the champ is appropriately balanced. it feels like his kit has not kept up with the rate that items are patched, his damage scales WAY to high with hp and there is no reason that a tank (post 16) can 2-3 shot a carry while needing the attention of 2 people to peel. At a bare minimum, no game state should allow a champion with the sustain/anti-death kit that mundo has to consistently 3 tap carries on a 10 second cooldown....no matter how fed that tank is. idk give me a new perspective because it seems that below diamond.... mundo and other similar champions are not ok. diamond> elo players (the vast majority of league) can not handle and does not know how to handle this champion under any sense. he is not played in pro play so balancing with proplay in mind does not make sense to me either. Balancing to the highest end of the 7% of players also does not make that much sense as mundo's pick rate is SIGNFICANTLY lower once you hit masters. soooooo......wtf is happening with this game state and why is it still tank dominated below diamond? its toxic, its not fun, and it takes away from any form of positive dynamics and game interactions when they continuously pump out champs that are able to change the dynamic of the game dramatically without leaving their lane until level 16 (most games below emerald dont have players that roam on correct timings or care to roam at all, they afk and hope their team can last until they are level 16..... and that's not ok and patches should not encourage that.) summary: just locking in 1 champion should not take as much intentional counter no matter the skill of the player before the game even starts just due to the fact that the champion has the potential to reach a busted game-state, its not fun, its not ok, and it decreased competitive drive in the community to actually progress their micro and macro because you can consistently climb to emerald with this playstyle in mind even if you do it at 10-20% efficacy of those who do it well. EDIT: i am not saying mundo is broken but the state of the game caused by the items that are patched and pushed out is broken.",analysis,yes
I think tanks dealing relevant damage is a mistake but Riot seems to disagree. It's a question of philosophy not one of game balance. They want every role in the game to deal relevant damage. Does this make carry roles feel redundant? Yes it does. But riot seems to have found that people won't stop playing carry roles anyways while the popularity of other roles increases if they're able to provide meaningful damage.,analysis,yes
"Right now, after playing league for years, the game just feels bad to play in any summoners game. Aram is fine, but I have several friends who have outright quit playing because of how bad solo Q and norms feels to play. Right now it’s either play someone who can profit form heartsteel or jaksho or lose, and even then, if you top laner fails, it’s GG unless the enemies are literally NPCs. Not to mention healing feels somehow way stronger than last season. Probably because every bruiser / tank can stay alive so long they can proc heals way more. Like sure if you want to steadily climb, just get good with a tank or bruiser that now builds one of the new items and you basically get free LP. But that’s such a gross feeling, to have a whole class of champs that just run over literally everyone else. I played a game today as rammus jgl, and it just felt bad winning, by 3 items I was in a 29 second team fight which was 1v5. And we weren’t stomping to them in all lanes, we were a head, but not by a lot. After my next item, it was a complete stomp fest and they FFd after they got obliterated in a team fight. The difference in our comps was negligible, and they were actually winning until I got my second item. Take a guess which. If you guessed jaksho. You were right. They had no one with heartsteel or jaksho and the game literally did a 180. Buddy of mine had the same thing happen, he’s playing illoai, not jaksho or heartsteel for mythic, literally sold his mythic, bought jaksho and almost instantly turned the game from us losing, to the next fight being a stomp. League feels bad and 4 of my friends who have played for over 5 years have quit. I’m sure they’re not the only ones.",reaction,yes
"Gold efficiency, as I'm sure most of you know, calculates the gold value in stats of an item, and compares that value to the item's cost. But gold efficiency alone is not enough to judge an items power, even if we ignore item actives. Gold efficiency is a useful thing to calculate, but it isn't enough. Some problems with Gold efficiency: Gold efficiency ignores how useful that stat actually is, especially in conjunction with the other stats on the item, a champion's kit, and a bunch of other factors Gold efficiency derives the gold value of a stat based on other items. So every stat is only measured relative to it's cheapest option. Point 2 is particularly relevant. It's totally plausible Riot uses different timing curves for different types of stats. If, for example, health is intended by design to be easy to buy a small amount for cheap, but magic penetration is not (and thus small amounts are more expensive), then that could make magic penetration legendaries and mythics look very gold efficient, whereas it would make health items look inefficient. Personally, I think this particular example is true. It's a large reason (aside from the passives) why Void Staff is ~130% gold efficient, but Warmog's is only 100%. Health is efficiently purchased with ruby crystals, but magic pen is very inefficiently purchased with blighting jewel. Another good way to see the limits of gold efficiency in this way is to consider the following hypothetical - Let's say Riot decides that assassins spike too hard too early with serrated dirk. So they make the item less efficient somehow. That change will impact that gold efficiency cost of every item with lethality, making those items more gold efficient. Even though those items wouldn't have changed at all, they'd be exactly as good as they were, they appear better because their gold efficiency has increased. Anyway...Gold efficiency isn't everything.",analysis,yes
"Gold efficiency is all about understanding which items are worth investing in over another item. It's a tool specifically used to compare multiple items to each other. The problem comes when someone uses gold efficiency not to compare two items, but just to say an item is too good / bad. Seekers is a good example here. If as a mage I need an armor item, i have one choice, seekers into zhonya's. It could be twice as gold efficient, or half as gold efficient, i'll probably still buy it because there's no other item that gives me those needed stats for that situation. The only other option is to buy a few cloth armors and go for mythic, which would be a very sad state of affairs. Now look at serrated dirk, Assassins don't exactly need pen, but they value it. They do need AD, so they look at caufields Warhammer, pickaxe, BF sword, dirk. And what all those items build into. Dirk gets the most damage for their gold so they choose that. They could choose to be defensive by going for a maw item, and it wouldn't be a wrong choice, but it wouldn't be as strong as taking control of the lane. Mages don't have an item with that much damage boost until they finish their mythic, since they can't win with offense they need to choose defensive seekers and delay their power spike.",analysis,yes
"I think almost all games are winnable, even with huge gold deficits. Though the potential of this is greatly influenced by elo and champions. Maokai being 2k gold down is a lot less problematic than Irelia being 2k gold down for instance. It also depends on how the gold is spread around. If the ADC that's 3k gold ahead keeps making cocky moves then it will also probably matter less than a midlane control mage that stays back. Rather than ask yourself 'was this winnable' try to focus on what you could've done better. It makes you feel better because it keeps you in control of the game. In the end, it would'be been easier if your ADC went 20/0 instead of 0/20. Yet the only thing you can (easily) influence is your own plays. Perhaps your adc was always going to lose. Yet that well timed roam of yours at 7 minutes in could've made him go 3/8 instead of 2/13.",analysis,yes
"dude the LP gains in low elo are absolutely brutal 💀 your MMR is probably tanked from that losing streak which is why you're losing more than you gain even with good grades the system basically thinks you belong lower than where you are so it's trying to drag you down harder. only real fix is to just grind out wins consistently - the grades don't really matter for LP gains, it's all about that W/L ratio. once you start winning more than losing your MMR will slowly climb back up and the gains will balance out might be worth taking a break from duo queue for a bit if you guys are on tilt, sometimes solo helps reset the mental 😂",analysis,yes
"Cho'gath can max all 3 of his skills depending on the lane, build and match up. When going tank, against melees that rely mainly on basics, you usually max E. If they're skill-based bruisers, you max W. If they're long range poke champs, you max Q. When going AP, if you're against an immobile mage squishy, you max Q. Against a low range caster/mobile enemy, you max W. Against a melee squishy, you can max E if you take HoB. When jungling, you max E, or at least give it the first points to jungle effectively.",analysis,yes
"Counting. If we have 4 ppl here and they have 5, don't fight because 5>4. And if we have 4 and they have 3, it's time to fight! This concept seems like graduate level calculus sometimes...",hot_take,yes
"Junglers should have an idea how minion waves work. Do not gank when I'm farming 2 minion waves under my tower. Help me push after you gank (or don't, if I'm freezing). Or start the drake with my support while I push in bot. No need to spam ping me just because I don't want the wave to freeze under the enemy tower. And if I'm dead or in base, and the wave is in a good spot DO NOT TOUCH IT.",analysis,yes
"In a nutshell: how to team fight. How to position yourself and respond to the opponent's positioning. Once the fight breaks out, using your abilities optimally while STILL being aware of positioning. Target selection: do you dive the enemy carry or peel for your own? Team fights are where many games are won and lost yet so many people don't know how to execute them.",analysis,yes
"Freezing a wave/manipulating the wave to be advantageous for you and disadvantageous for the enemy. It’s not a hard concept, and it punishes the enemy from potential gold/xp and puts them into positions where they’ll be susceptible to ganks.",analysis,yes
"As someone who is also fairly new to this game, and someone who has never ever played a game like this. Id suggest picking a champion and playing on practice tool. It sets the game up similar to a normal game where you only get 1 ability and need to level up to get the others by killing minions. However it teaches game play fairly well minus allll the other lanes. It makes you have to cs for gold so you only get 500 to start with instead of the AI games where you get 1400. You can add beginner and intermediate bots if you want too.",analysis,yes
"Learn to lose lane gracefully. If you go 0/2 with a 40 cs deficit your team might still be able to carry, and you could come back from one good team fight. If you go 0/8 with a 70+ cs deficit, then you lost the entire game because you don't know how to neutralize a lost lane.",analysis,yes
"I think balancing team does amazing job tbh, for multiple years balance is so good that 90% of the champions (and we're no longer speaking about tens, but 170) are floating around 48-52% winrate across ranks which is crazy. Sometimes balance is so perfect that they are forced to introduce some offmeta buffs or nerfs to shift things a little bit and let people experiment",analysis,yes
league is pretty well balanced for the most part at the moment but some champs at least in the context of soloq need reworks cuz they just dont work very well from a design stand point. rengar is a perfect showcase of this being a buggy otp only champ unplayable in pro games and useless when not fed but has zero counter play for most champs and the least interactive gameplay pattern in the game if he is fed which is just bad game design that he is that otp skewed and that feast or famine. also you clearly dont play a champ thats been left in the gutter like kassadin cuz he is utter dogshit to play most games and has been nerfed so much even when you pop off it barely feels rewarding and more like luck then skill. its true league is balanced if you play your average populer top/mid/jungle/support/adc but if you play more niche champs or ones that are pro play jailed its gonna be rough and feels like your playing a diffrent game to everyone else.,analysis,yes
"League is extremely balanced. Win rates are kept in an incredibly tight range and any deviation from that sees very swift nerfs. The state of League's balance puts almost every other competitive, asymmetric game to shame. The problem is that League is poorly designed as a gameplay experience. Balance and design (i.e. game experience) are two different (but often related) things. Aside from the frustrating gameplay loop, God-awful new player experience, horrible matchmaking and ranked system, and predatory mobile game-like design of recent years, champion design is often oppressive, overly stacked with abilities, and frequently incredibly un-fun to play against. Kassadin, Zed, Azyr, Yasuo, Yone, Yuumi, Ksante, Zeri, Mel, and this list could go on and on. There are so many champions that warp the game in fundamentally oppressive and un-fun ways for their opponents, even if balance-wise they are statistically fine. With League approaching 200 champions, this isn't incredibly surprising, as it gets progressively more difficult to design new champions and not wander into this territory, but it's also something that a lot of people refuse to acknowledge. In many other games, if the only answer is to chain CC someone until they're dead, that is considered bad gameplay design. In many other games, if infinite chain CC is even possible, that is considered un-fun game design. In many other games, if a basic ability hard-counters and completely shuts down entire kits or playstyles, it's considered oppressive game design. League has all of this in spades.",analysis,yes
"Balance is not in a terrible spot currently, but the game has a rich history of freighteningly questionable patch notes. There have been times where players suspected the balance team were doing hard drugs while working because why would they okay that change? Every now and then I'll look at the patch notes and say wait what why would they buff so and so like that they'll be completely overpowered and permabanned every game. They still ship it out though, which is weird because they apparently play test the changes. But not enough to notice blaringly obvious mistakes that players can spot just off the patch notes. Hotfixes to adjust champion's numbers happen more often than hotfixes for actual game breaking bugs that crash the game. Rito's balance team has a well earned reputation.",hot_take,yes
“League isn’t a fair game and never will be. At no point have we been promised a fair game in small batches because that is impossible to deliver. Too much randomness in matchmaking involving variables beyond control of the algorithm. Best we’ll get is a somewhat “fair” distribution of matches with good/dogshit teammates over a sufficiently large sample size. Accept this and grind the games out or just play normals/switch to another game you find more enjoyable. I personally switched over to MMOs recently and have been enjoying them a lot.”,analysis,yes
"Nah, riot ruined the ranked system even more this season. I peaked last season emerald 1 and finished emerald 4.. placed this season in plar 3 and worked back into emerald 4. Then the system give some 0-30% win rate brand new accounts that are intentionally trying to lose. Game gives me 20 losses in a row in 2 days and places me in silver lobbies. The fact that you lose 35 LP a loss and 22 a win literally makes it impossible to recover mmr. Brand new accounts are ruining ranked, they need to not be placed in gold/plat mmr but like bronze or silver because all they do is intentionally lose because they have 10 accounts",reaction,yes
"I was already a bit hesitant after dev team 1st announced every change they were making but thought I’d give it benefit of the doubt and wait to play it myself. I’ve played the game for 7 years now and pretty much every season I’ve found it more fun than last time because having something fresh every year is exciting especially for a game that has been around as long as league. But this is the 1st season that I’ve actually just not enjoyed the game so far. The game feels so fast I may as well be playing wild rift and that just doesn’t feel enjoyable. Snowballing is a massive problem because of how fast the games seem to be and the new quests feel like a bit of a chore as it locks u into a certain playstyle. I personally am bad at farming. I’m hyper aggressive and play for tempo around the map and try and get leads for my whole team and that worked for me last season. I climbed from gold to plat on Quinn averaging 3cs a minute. I can’t do that this season. That entire play style of roaming, having impact on any lane other than your own is just dead and that’s unfortunate. It makes early game champs feel weak because u can’t get a strong lead and then use that to help ur team without being punished. Idk I hope i can enjoy this season eventually but i just wanted to know if anyone agreed with me on this Edit: ik 3cs a minute is horrible cs but what I was trying to say was I could climb because I could play a roaming fighting around the map focused game. It wasn’t linear it was unique. I didn’t have to focus on cs because I was so good at everything else. I now can’t do that playstyle that worked so well for me and the skills that I do have just aren’t viable this season. So yh don’t feel the need to mention the CS cuz I’m very aware of how bad it is I was just trying to make a point about how my entire playstyle and I’m sure loads of other peoples playstyles are just impossible now",reaction,yes
The only issue I currently have with this season is how drastically garbage the support and jungle quests are compared to top and adc. Currently ADC is king again but good god a lvl 20 top laner hits like a mac truck. Junglers have to play a snowballing jungler or you will lose period. If you get behind at all in jungle you will not keep up.,hot_take,yes
"Everything feels so snowbally with the new feats of strength and especially with Atakhan. If your team gets Atakhan you're basically allowed to take what should be a really risky fight with low consequences, to say nothing of the actual buff he gives. Why should the team with an advantage effectively get a bounty on every kill? I thought the current philosophy was that being ahead in itself is an advantage, and to give comeback opportunities the team that's down? I feel like there should be some sort of period between the seasons to test, fix and make the changes feel good. Maybe end the season earlier around November and let all of December be a time to test and balance new changes. Call it the ante-season or something...",analysis,yes
"honestly its just there is so much to do... im playing support and i spend like 3-4 of the first 14 minutes in the actual lane with the rest setting up vision for thousands of objectives having to attend every objective constant fighting... where is the laning phase in all of this??? and my secondary role is jungle, i cant even do camps anymore, gotta get drake... reset... grubs... do 1 clear... oh drake... oh grubs again also all of these fights lasting forever so every fight is like 30-45 seconds of back and forth for the objective",reaction,yes
"worst season ever, this toxic boots will just cause more bad mood in every game. snowballing out of fb is just such a stupid idea. the one who came up with this should be fired. How can such a game design decision make it through testing.",reaction,yes
zac is broken. idc what everone says wholesome blob or whatever. for building full tank he still can really good damage. his healing is insane when u take into account his tankiness. also this bastards cc is illegal since it cant be reduced by tenacity. and fuck his E,hot_take,yes
"Lilia is a fucking bullshit champion. She’s incredibly mobile and often builds durable AP items (and I guess FH) so while catching her is hard enough, killing her is difficult since she can get away. Her harass in top lane is especially egregious. It’s entirely possible my reflexes are shit, but her Q feels impossible to dodge given her MS bonus and she seems to spam it whenever. Her rolling orb feels like something she can just fire and forget. She’s annoying enough as a jungler, but in the top lane I’d rather fight Quinn cause I can at least build decent armor. I’ll admit my hatred stems primarily because she counters my pool (I play low mobility champs like tanks and juggernauts) but she annoys me the most out of other mobile champions. And most people playing her feel as toxic as Nami supports that spam their animations. Lilia can fuck off to hell.",reaction,yes
"despite what majority of people on reddit say, 90% patches are oriented towards majority of players, while trying to not ruin the game for high elo, because both are important, even if high elo is less than 1% population low elo is 99% of players, and they generate money off of skins, while higher elo players give Riot games publicity it needs to stay relevant, due to streamers and tournaments some patches are heavily pro/highest elo oriented, because they occasionally need to happen. But objectively speaking, most patches work very well for low elo, it's just that elo below high gold is an absolute shitshow, where any champ can be broken if piloted correctly, but favours heavily roaming champions like assassins (katarina, zed) or champions that require skill to counter (illaoi, Yorick) on a side note, it's maybe not a hot take, but don't get better if you want to have fun. Don't climb. I've reached D1 (couldnt stay in masters) and honestly speaking, i had a lot more fun when i was way lower",analysis,yes
"I would delete support items alltogether , force them to buy sightstone and only after it's purchased it starts to generate gold for them , also remove all trinket wards in game untill lvl 11. Wards in sightstone have also coldown , you must be 2 minutes on the map to have them recharged upon recalling to base ( no more base > run mid > ward > base support gameplay in pro play )",analysis,yes
"Make mages have more diverse itemization! Every Mage have practically the same build, Season to Season, with little variety to build around match-ups. We need anti-shield, better anti-heal (morello sucks), better items against tanks.",hot_take,yes
"I’m tired of living like a caveman. 90% of the frustration in this game comes from players not being on the same page and typing past each other. If the jungler could simply explain their pathing before ganking, it would drastically reduce unnecessary toxicity and misunderstandings. Basic coordination would be so much smoother. Jungling is already demanding with all these extra objective that have been added. Laning is also demanding—top, mid, and ADC are focused on CS, trading, and wave control. Expecting them to also type in the middle of fights or crucial moments is unrealistic. This makes simple communication harder than it needs to be. Every other competitive game has voice chat. Even Dota 2, Riot’s direct competitor, has it. League’s player base doesn’t have some uniquely cursed level of toxicity compared to other games—if anything, the lack of voice chat exacerbates the problem because players are forced to communicate inefficiently through text, which is slower, less nuanced, and easy to misinterpret. At this point, the lack of voice chat is actively preventing new players from joining and staying. League is already one of the hardest games to learn, with no proper tutorial, and without clear communication, new players are left feeling lost. The veteran player base could be an asset in guiding them, but without voice chat, that experience is frustrating instead of welcoming. Don’t get me wrong. Voice chat should be optional, just like text chat, and muting would be a single button press away. If you don’t want to talk, don’t. But stop holding back a feature that could vastly improve team coordination and has the potential to reduce toxicity. Heck run it live for a week and if its too toxic remove it. It’s time to modernize League’s communication system. Give players the option to use voice chat. If other games can make it work, so can League.",analysis,yes